Land,Stadt,Durchschnittstemperatur_C_2010,Minimum_C_2010,Maximum_C_2010
Afghanistan,Kabul,14.1,-18.1,36.6
Ägypten,Kairo,23.3,3.1,45.2
Albanien,Tirana,15.5,-4.9,34.9
Algerien,Algier,17.9,2.0,36.8
Andorra,Andorra la Vella,9.4,-17.2,30.3
Angola,Luanda,25.3,15.4,35.4
Antigua und Barbuda,Saint John's,26.9,22.6,30.2
Äquatorialguinea,Malabo,26.9,23.3,35.1
Argentinien,Buenos Aires,17.1,0.1,34.4
Armenien,Jerewan,12.4,-13.2,35.7
Aserbaidschan,Baku,16.6,-0.4,35.1
Äthiopien,Addis Abeba,15.4,5.3,25.6
Australien,Canberra,12.6,-3.5,34.6
Bahamas,Nassau,24.5,14.0,30.9
Bahrain,Manama,26.9,11.9,38.4
Bangladesch,Dhaka,26.0,10.7,38.0
Barbados,Bridgetown,27.0,23.9,29.8
Belarus (Weißrussland),Minsk,6.2,-24.9,32.7
Belgien,Brüssel,9.5,-10.3,32.7
Belize,Belmopan,25.2,11.6,40.4
Benin,Porto-Novo,26.8,22.8,34.1
Bhutan,Thimphu,12.1,-8.6,24.3
Bolivien,Sucre (Verfassungshauptstadt); La Paz (Regierungssitz),13.8,-2.3,29.5
Bosnien und Herzegowina,Sarajevo,10.1,-20.2,33.0
Botswana,Gaborone,20.9,0.3,38.1
Brasilien,Brasília,22.0,11.5,33.1
Brunei,Bandar Seri Begawan,26.8,22.2,32.6
Bulgarien,Sofia,10.9,-12.3,33.1
Burkina Faso,Ouagadougou,28.8,13.7,42.1
Burundi,Gitega,19.1,12.2,29.1
Chile,Santiago,14.7,-4.9,32.7
China,Peking,11.6,-18.5,40.6
Costa Rica,San José,20.3,14.1,28.1
Côte d'Ivoire (Elfenbeinküste),Yamoussoukro (offiziell); Abidjan (faktisch),26.3,20.2,36.8
Dänemark,Kopenhagen,7.1,-15.0,29.1
Deutschland,Berlin,8.2,-20.6,36.1
Dominica,Roseau,26.2,22.8,29.2
Dominikanische Republik,Santo Domingo,25.3,17.7,32.2
Dschibuti,Dschibuti-Stadt,24.1,11.9,37.0
Ecuador,Quito,11.8,3.8,20.1
El Salvador,San Salvador,23.6,13.7,34.8
Eritrea,Asmara,17.0,6.9,28.6
Estland,Tallinn,5.2,-24.4,31.8
Eswatini (Swasiland),Mbabane,16.9,0.1,34.7
Fidschi,Suva,24.6,18.8,29.8
Finnland,Helsinki,4.7,-20.6,29.5
Frankreich,Paris,10.4,-7.0,33.5
Gabun,Libreville,25.7,20.8,31.1
Gambia,Banjul,26.3,17.6,37.9
Georgien,Tiflis,12.8,-7.4,35.6
Ghana,Accra,26.6,21.9,33.0
Grenada,St. George's,27.0,24.2,29.7
Griechenland,Athen,18.6,1.1,38.0
Guatemala,Guatemala-Stadt,19.2,7.8,32.7
Guinea,Conakry,26.0,21.4,31.2
Guinea-Bissau,Bissau,27.3,18.0,38.6
Guyana,Georgetown,26.6,23.5,30.9
Haiti,Port-au-Prince,26.9,15.1,34.8
Honduras,Tegucigalpa,22.2,10.2,35.1
Indien,Neu-Delhi,25.5,5.6,45.6
Indonesien,Jakarta,26.2,21.0,31.6
Irak,Bagdad,27.2,1.6,50.2
Iran,Teheran,17.4,-14.7,40.8
Irland,Dublin,9.0,-9.0,23.9
Island,Reykjavík,5.3,-13.1,19.8
Israel,"Jerusalem (umstritten, international nicht allgemein anerkannt)",19.1,-1.4,39.3
Italien,Rom,15.2,-4.9,35.9
Jamaika,Kingston,26.2,18.0,32.5
Japan,Tokio,15.2,-2.9,34.8
Jemen,Sanaa (verfassungsmäßig; faktischer Regierungssitz derzeit Aden),18.4,2.1,31.2
Jordanien,Amman,20.1,-1.0,42.2
Kambodscha,Phnom Penh,28.2,19.7,38.6
Kamerun,Yaoundé,23.5,19.0,33.2
Kanada,Ottawa,8.1,-24.4,34.2
Kap Verde,Praia,25.1,19.1,32.1
Kasachstan,Astana,3.7,-36.2,36.2
Katar,Doha,28.1,9.8,47.4
Kenia,Nairobi,18.9,10.2,30.4
Kirgisistan,Bischkek,10.0,-21.4,34.2
Kiribati,Tarawa (South Tarawa),27.1,24.4,29.3
Kolumbien,Bogotá,14.2,6.0,23.3
Komoren,Moroni,27.1,20.9,32.7
"Kongo, Demokratische Republik",Kinshasa,25.3,17.1,34.6
"Kongo, Republik",Brazzaville,26.1,18.1,35.4
"Korea, Nord (Nordkorea)",Pjöngjang,10.0,-19.4,31.5
"Korea, Süd (Südkorea)",Seoul,11.1,-24.3,32.8
Kosovo,Pristina,11.4,-9.9,35.0
Kroatien,Zagreb,10.9,-12.7,34.9
Kuba,Havanna,25.2,13.2,34.9
Kuwait,Kuwait-Stadt,27.7,5.1,48.3
Laos,Vientiane,26.2,12.9,39.0
Lesotho,Maseru,15.1,-5.8,30.7
Lettland,Riga,6.2,-24.2,31.9
Libanon,Beirut,21.2,1.7,39.2
Liberia,Monrovia,26.0,22.1,32.0
Libyen,Tripolis,21.3,6.5,39.7
Liechtenstein,Vaduz,8.9,-19.9,31.3
Litauen,Vilnius,6.5,-27.7,32.0
Luxemburg,Luxemburg,8.3,-13.7,32.0
Madagaskar,Antananarivo,18.3,6.6,30.5
Malawi,Lilongwe,20.6,6.3,33.1
Malaysia,Kuala Lumpur (Regierungssitz teilweise Putrajaya),26.0,20.9,32.3
Malediven,Malé,27.4,24.4,29.8
Mali,Bamako,28.2,15.1,41.5
Malta,Valletta,19.1,8.6,30.0
Marokko,Rabat,18.9,6.3,41.4
Marshallinseln,Majuro,26.9,24.0,28.9
Mauretanien,Nouakchott,26.3,11.3,44.6
Mauritius,Port Louis,25.2,18.1,31.4
Mexiko,Mexiko-Stadt,15.4,0.3,30.5
Mikronesien,Palikir,26.6,24.0,29.1
Moldau (Moldawien),Chișinău,11.1,-22.8,36.9
Monaco,Monaco,14.1,-3.6,29.8
Mongolei,Ulaanbaatar,-0.1,-35.2,35.4
Montenegro,Podgorica,15.2,-4.5,35.9
Mosambik,Maputo,23.0,11.3,35.4
Myanmar,Naypyidaw,26.5,10.7,42.5
Namibia,Windhoek,19.4,-2.5,34.2
Nauru,"Yaren (faktisches Verwaltungszentrum, keine offizielle Hauptstadt)",27.1,25.0,29.3
Nepal,Kathmandu,19.0,4.1,30.7
Neuseeland,Wellington,13.3,4.1,21.1
Nicaragua,Managua,26.7,19.7,37.1
Niederlande,Amsterdam (Hauptstadt); Den Haag (Regierungssitz),9.0,-9.8,31.0
Niger,Niamey,29.3,11.0,44.5
Nigeria,Abuja,27.1,18.7,39.6
Nordmazedonien,Skopje,13.9,-11.1,37.9
Norwegen,Oslo,3.8,-25.8,25.3
Oman,Maskat,28.1,12.3,39.9
Österreich,Wien,9.5,-18.9,33.0
Osttimor (Timor-Leste),Dili,27.7,21.3,33.8
Pakistan,Islamabad,21.9,3.5,42.8
Palau,Ngerulmud,26.9,23.5,29.5
Palästina,Ramallah (faktischer Regierungssitz); Ost-Jerusalem (beansprucht),18.0,-2.7,38.7
Panama,Panama-Stadt,26.1,21.6,32.3
Papua-Neuguinea,Port Moresby,26.4,21.4,33.5
Paraguay,Asunción,22.2,3.3,37.7
Peru,Lima,19.7,12.9,27.9
Philippinen,Manila,27.1,20.8,35.5
Polen,Warschau,7.6,-27.1,32.6
Portugal,Lissabon,16.5,3.4,36.2
Ruanda,Kigali,20.6,11.1,30.0
Rumänien,Bukarest,11.8,-23.1,35.9
Russland,Moskau,5.8,-28.3,37.5
Salomonen,Honiara,27.1,23.8,31.6
Sambia,Lusaka,20.3,7.5,35.5
Samoa,Apia,26.9,22.9,31.4
San Marino,San Marino,12.0,-12.4,32.4
São Tomé und Príncipe,São Tomé,26.4,23.3,30.3
Saudi-Arabien,Riad,26.9,-1.0,46.7
Schweden,Stockholm,5.3,-20.8,27.2
Schweiz,Bern,7.4,-15.2,29.5
Senegal,Dakar,25.7,17.7,36.4
Serbien,Belgrad,11.8,-16.2,35.8
Seychellen,Victoria,26.3,23.7,29.5
Sierra Leone,Freetown,26.1,22.0,29.2
Simbabwe,Harare,18.7,3.6,33.8
Singapur,Singapur,26.6,22.9,31.5
Slowakei,Bratislava,9.7,-21.9,33.8
Slowenien,Ljubljana,9.5,-17.1,32.3
Somalia,Mogadischu,26.7,22.3,34.6
Spanien,Madrid,13.7,-4.5,38.2
Sri Lanka,Sri Jayewardenepura Kotte (offiziell); Colombo (faktisch),26.5,20.1,34.8
St. Kitts und Nevis,Basseterre,26.7,22.2,29.9
St. Lucia,Castries,27.3,23.7,31.4
St. Vincent und die Grenadinen,Kingstown,27.1,24.2,29.9
Südafrika,Pretoria (Verwaltung); Kapstadt (Legislative); Bloemfontein (Judikative),18.1,-0.5,34.2
Sudan,Khartum,30.9,11.7,44.8
Südsudan,Juba,28.0,20.4,41.1
Suriname,Paramaribo,26.5,22.5,33.3
Syrien,Damaskus,18.7,-6.2,42.3
Tadschikistan,Duschanbe,13.5,-20.5,36.3
Taiwan,Taipeh,22.3,6.9,34.4
Tansania,Dodoma,23.4,12.7,34.3
Thailand,Bangkok,28.3,18.3,39.3
Togo,Lomé,27.0,22.8,33.7
Tonga,Nuku'alofa,24.4,20.5,28.0
Trinidad und Tobago,Port of Spain,26.8,23.3,31.2
Tschad,N'Djamena,29.4,13.6,45.6
Tschechien,Prag,8.0,-22.5,32.9
Tunesien,Tunis,18.6,4.5,40.0
Türkei,Ankara,14.4,-12.4,38.9
Turkmenistan,Aschgabat,18.2,-12.9,42.3
Tuvalu,Funafuti,27.4,24.7,29.9
Uganda,Kampala,21.5,16.7,28.4
Ukraine,Kiew,9.0,-24.9,36.4
Ungarn,Budapest,10.4,-16.1,32.9
Uruguay,Montevideo,16.6,2.2,31.9
Usbekistan,Taschkent,14.8,-14.1,38.7
Vanuatu,Port Vila,25.5,21.4,28.8
Vatikanstadt,Vatikanstadt,15.3,-4.9,36.0
Venezuela,Caracas,23.3,16.7,34.3
Vereinigte Arabische Emirate,Abu Dhabi,28.4,10.2,44.3
Vereinigte Staaten,"Washington, D.C.",14.2,-15.6,39.5
Vereinigtes Königreich,London,9.4,-9.5,28.0
Vietnam,Hanoi,24.0,8.1,37.2
Zentralafrikanische Republik,Bangui,27.0,20.1,37.7
Zypern,Nikosia,21.2,3.3,43.2
