Land,Stadt,Temperatur_C
Afghanistan,Kabul,29.8
Ägypten,Kairo,34.4
Albanien,Tirana,34.7
Algerien,Algier,34.1
Andorra,Andorra la Vella,26.4
Angola,Luanda,23.9
Antigua und Barbuda,Saint John's,30.0
Äquatorialguinea,Malabo,26.6
Argentinien,Buenos Aires,10.9
Armenien,Jerewan,28.9
Aserbaidschan,Baku,29.0
Äthiopien,Addis Abeba,18.4
Australien,Canberra,10.4
Bahamas,Nassau,30.8
Bahrain,Manama,36.0
Bangladesch,Dhaka,29.7
Barbados,Bridgetown,28.7
Belarus (Weißrussland),Minsk,18.7
Belgien,Brüssel,22.2
Belize,Belmopan,26.7
Benin,Porto-Novo,29.6
Bhutan,Thimphu,17.1
Bolivien,Sucre (Verfassungshauptstadt); La Paz (Regierungssitz),11.5
Bosnien und Herzegowina,Sarajevo,32.9
Botswana,Gaborone,27.8
Brasilien,Brasília,26.9
Brunei,Bandar Seri Begawan,26.8
Bulgarien,Sofia,34.3
Burkina Faso,Ouagadougou,31.1
Burundi,Gitega,22.6
Chile,Santiago,11.7
China,Peking,27.3
Costa Rica,San José,21.9
Côte d'Ivoire (Elfenbeinküste),Yamoussoukro (offiziell); Abidjan (faktisch),28.9
Dänemark,Kopenhagen,21.5
Deutschland,Berlin,22.6
Dominica,Roseau,28.6
Dominikanische Republik,Santo Domingo,28.4
Dschibuti,Dschibuti-Stadt,33.5
Ecuador,Quito,14.3
El Salvador,San Salvador,25.2
Eritrea,Asmara,24.4
Estland,Tallinn,19.3
Eswatini (Swasiland),Mbabane,22.7
Fidschi,Suva,19.9
Finnland,Helsinki,16.5
Frankreich,Paris,24.6
Gabun,Libreville,29.2
Gambia,Banjul,29.3
Georgien,Tiflis,27.7
Ghana,Accra,28.0
Grenada,St. George's,28.0
Griechenland,Athen,35.4
Guatemala,Guatemala-Stadt,19.2
Guinea,Conakry,26.4
Guinea-Bissau,Bissau,31.1
Guyana,Georgetown,28.0
Haiti,Port-au-Prince,31.5
Honduras,Tegucigalpa,21.3
Indien,Neu-Delhi,31.2
Indonesien,Jakarta,28.9
Irak,Bagdad,41.9
Iran,Teheran,39.0
Irland,Dublin,16.5
Island,Reykjavík,12.0
Israel,"Jerusalem (umstritten, international nicht allgemein anerkannt)",30.6
Italien,Rom,33.3
Jamaika,Kingston,30.7
Japan,Tokio,24.8
Jemen,Sanaa (verfassungsmäßig; faktischer Regierungssitz derzeit Aden),28.2
Jordanien,Amman,35.6
Kambodscha,Phnom Penh,26.3
Kamerun,Yaoundé,28.1
Kanada,Ottawa,19.1
Kap Verde,Praia,32.8
Kasachstan,Astana,18.6
Katar,Doha,40.7
Kenia,Nairobi,23.6
Kirgisistan,Bischkek,29.3
Kiribati,Tarawa (South Tarawa),27.1
Kolumbien,Bogotá,15.7
Komoren,Moroni,25.3
"Kongo, Demokratische Republik",Kinshasa,33.1
"Kongo, Republik",Brazzaville,33.3
"Korea, Nord (Nordkorea)",Pjöngjang,25.0
"Korea, Süd (Südkorea)",Seoul,24.1
Kosovo,Pristina,34.3
Kroatien,Zagreb,36.8
Kuba,Havanna,28.8
Kuwait,Kuwait-Stadt,42.0
Laos,Vientiane,25.9
Lesotho,Maseru,22.5
Lettland,Riga,22.7
Libanon,Beirut,30.0
Liberia,Monrovia,27.6
Libyen,Tripolis,31.8
Liechtenstein,Vaduz,23.1
Litauen,Vilnius,19.9
Luxemburg,Luxemburg,21.2
Madagaskar,Antananarivo,22.4
Malawi,Lilongwe,24.3
Malaysia,Kuala Lumpur (Regierungssitz teilweise Putrajaya),28.5
Malediven,Malé,26.6
Mali,Bamako,29.2
Malta,Valletta,32.1
Marokko,Rabat,27.3
Marshallinseln,Majuro,28.2
Mauretanien,Nouakchott,35.1
Mauritius,Port Louis,24.8
Mexiko,Mexiko-Stadt,14.8
Mikronesien,Palikir,24.6
Moldau (Moldawien),Chișinău,33.6
Monaco,Monaco,25.6
Mongolei,Ulaanbaatar,15.5
Montenegro,Podgorica,36.2
Mosambik,Maputo,24.6
Myanmar,Naypyidaw,25.3
Namibia,Windhoek,28.3
Nauru,"Yaren (faktisches Verwaltungszentrum, keine offizielle Hauptstadt)",26.8
Nepal,Kathmandu,21.7
Neuseeland,Wellington,7.9
Nicaragua,Managua,27.7
Niederlande,Amsterdam (Hauptstadt); Den Haag (Regierungssitz),18.5
Niger,Niamey,33.3
Nigeria,Abuja,30.1
Nordmazedonien,Skopje,37.0
Norwegen,Oslo,22.3
Oman,Maskat,35.6
Österreich,Wien,23.4
Osttimor (Timor-Leste),Dili,23.5
Pakistan,Islamabad,26.3
Palau,Ngerulmud,24.6
Palästina,Ramallah (faktischer Regierungssitz); Ost-Jerusalem (beansprucht),28.8
Panama,Panama-Stadt,28.3
Papua-Neuguinea,Port Moresby,22.4
Paraguay,Asunción,14.1
Peru,Lima,19.7
Philippinen,Manila,28.4
Polen,Warschau,23.3
Portugal,Lissabon,25.2
Ruanda,Kigali,26.6
Rumänien,Bukarest,35.0
Russland,Moskau,21.4
Salomonen,Honiara,24.9
Sambia,Lusaka,23.8
Samoa,Apia,22.8
San Marino,San Marino,34.0
São Tomé und Príncipe,São Tomé,27.2
Saudi-Arabien,Riad,41.9
Schweden,Stockholm,20.9
Schweiz,Bern,26.9
Senegal,Dakar,27.5
Serbien,Belgrad,37.7
Seychellen,Victoria,26.3
Sierra Leone,Freetown,26.2
Simbabwe,Harare,22.4
Singapur,Singapur,27.6
Slowakei,Bratislava,30.3
Slowenien,Ljubljana,31.7
Somalia,Mogadischu,26.3
Spanien,Madrid,30.4
Sri Lanka,Sri Jayewardenepura Kotte (offiziell); Colombo (faktisch),26.9
St. Kitts und Nevis,Basseterre,29.7
St. Lucia,Castries,28.5
St. Vincent und die Grenadinen,Kingstown,26.9
Südafrika,Pretoria (Verwaltung); Kapstadt (Legislative); Bloemfontein (Judikative),28.3
Sudan,Khartum,42.2
Südsudan,Juba,31.8
Suriname,Paramaribo,29.7
Syrien,Damaskus,37.5
Tadschikistan,Duschanbe,34.6
Taiwan,Taipeh,26.1
Tansania,Dodoma,25.9
Thailand,Bangkok,25.9
Togo,Lomé,28.2
Tonga,Nuku'alofa,19.6
Trinidad und Tobago,Port of Spain,30.1
Tschad,N'Djamena,29.4
Tschechien,Prag,27.8
Tunesien,Tunis,36.7
Türkei,Ankara,30.8
Turkmenistan,Aschgabat,38.5
Tuvalu,Funafuti,26.7
Uganda,Kampala,24.6
Ukraine,Kiew,30.9
Ungarn,Budapest,35.6
Uruguay,Montevideo,11.1
Usbekistan,Taschkent,35.4
Vanuatu,Port Vila,20.1
Vatikanstadt,Vatikanstadt,33.0
Venezuela,Caracas,26.7
Vereinigte Arabische Emirate,Abu Dhabi,36.4
Vereinigte Staaten,"Washington, D.C.",26.1
Vereinigtes Königreich,London,21.6
Vietnam,Hanoi,26.7
Zentralafrikanische Republik,Bangui,30.8
Zypern,Nikosia,36.3
